<?xml version="1.0" encoding="UTF-8" standalone="yes"?>
<addon id="plugin.video.movie4k"
	name="Movie4K.to"
	version="1.5.0"
	provider-name="liberavia based on work of eleazarcoding">
  <requires>
    <import addon="xbmc.python" version="2.1.0"/>
    <import addon="script.module.urlresolver"  version="2.1.2"/>
  </requires>
  <extension point="xbmc.python.pluginsource" library="default.py">
    <provides>video</provides>
  </extension>
  <extension point="xbmc.addon.metadata">
    <summary lang="en">Movie4K.to</summary>
    <summary lang="de">Movie4K.to</summary>
    <description lang="en">Movie4K/Movie2K is one of the best and easiest free movies websites to watch movies on the internet. Simply select the movie of your choice for free and without registration.</description>
    <description lang="de">Movie4K/Movie2K ist eine der besten Seiten um Filme über das Internet zu schauen.</description>
    <platform>all</platform>
    <forum>http://www.xbmchub.com/forums/eleazars-xbmc-add-repository/</forum>
    <website>http://www.xbmchub.com/</website>
  </extension>
</addon>
