<?xml version="1.0" encoding="UTF-8" standalone="yes"?>
<addon id="script.g4g.manager" name="Game Manager" version="0.0.4" provider-name="liberavia">
    <requires>
        <import addon="xbmc.python" version="2.19.0"/>
    </requires>
    <extension point="xbmc.python.pluginsource" library="default.py">
        <provides>game executable</provides>
    </extension>
    <extension point="xbmc.addon.metadata">
        <summary lang="en">Manages Games</summary>
        <description lang="en">With Gate4Games Manger you can purchase, install and play games from different platforms</description>
        <platform>linux</platform>
        <license>GNU GENERAL PUBLIC LICENSE. Version 2, June 1991</license>
        <website>http://www.gate4games.com</website>
        <email>info@gate4games.com</email>
    </extension>
</addon>
