<?xml version="1.0" encoding="UTF-8" standalone="yes"?>
<addon id="script.gateossteam.launcher" name="Steam" version="1.0.0" provider-name="liberavia">
    <requires>
        <import addon="xbmc.python" version="2.19.0"/>
    </requires>
    <extension point="xbmc.python.script" library="default.py">
        <provides>game executable</provides>
    </extension>
    <extension point="xbmc.addon.metadata">
        <summary lang="en">Launches Steam on gateOS</summary>
        <description lang="en">Starts Steam on the gateOS operating system. IMPORTANT: THIS WILL ONLY WORK ON gateOS!!! If you want to use Steam in Kodi for any other system please consider teedubs original Steam Launcher which this launcher is based on.</description>
        <platform>linux</platform>
        <license>GNU GENERAL PUBLIC LICENSE. Version 2, June 1991</license>
        <website>http://www.gate4games.com</website>
        <email>info@gate4games.com</email>
    </extension>
</addon>
