<?xml version="1.0" encoding="UTF-8"?>
<addon id="skin.gateos" version="0.1.1" name="GateUI" provider-name="liberavia">
  <requires>
    <import addon="xbmc.gui" version="5.9.0"/>
  </requires>
  <extension
    point="xbmc.gui.skin"
    debugging="false"
    effectslowdown="1.0">
    <res width="1280" height="720" aspect="16:9" default="true" folder="720p" />
  </extension>
  <extension point="xbmc.addon.metadata">
    <summary lang="de_DE">gateOS ist das Standard Skin für das gateOS-Betriebssystem</summary>
    <summary lang="en_US">Default skin for gateOS Operating System</summary>
    <description lang="de_DE">Eine Beschreibung</description>
    <description lang="en_US">A description</description>
    <disclaimer lang="de_DE">Skin is based on confluence Standard.</disclaimer>
    <disclaimer lang="en_US">Skin is based on confluence Standard</disclaimer>
    <platform>all</platform>
  </extension>
</addon>
