<?xml version="1.0" encoding="UTF-8"?>
<window>
	<defaultcontrol always="true">9901</defaultcontrol>
	<coordinates>
		<system>1</system>
		<left>10</left>
		<top>10</top>
	</coordinates>
	<include>dialogeffect</include>
	<controls>
		<control type="image">
			<left>0</left>
			<top>0</top>
			<width>800</width>
			<height>700</height>
			<texture border="40">DialogBack.png</texture>
		</control>
                <control type="image" id="9901">
                    <description>QR-Code</description>
                    <top>150</top>
                    <left>150</left>
                    <width>500</width>
                    <height>500</height>
                    <visible>true</visible>
                    <colordiffuse>FFFFFFFF</colordiffuse>
                    <fadetime>200</fadetime>
                    <texture></texture>
                    <aspectratio>stretch</aspectratio>
                </control>
                <control type="label">
                        <description>label howto</description>
                        <left>100</left>
                        <top>80</top>
                        <width>600</width>
                        <height>30</height>
                        <align>left</align>
                        <font>font13_title</font>
                        <label>$ADDON[script.g4g.manager 50080]:</label>
                        <align>center</align>
                        <aligny>center</aligny>
                        <textcolor>selected</textcolor>
                        <shadowcolor>black</shadowcolor>
                </control>
        </controls>
</window>
